title,price_value,availability,link,collection,date_scraped
Fresh skin,98.0,Épuisé,https://mysweetyskin.ma/products/fresk-skin,Huile Parfumée,2025-10-04 03:01:38.853404
Mon trésor,98.0,Vente,https://mysweetyskin.ma/products/mon-tresor,Huile Parfumée,2025-10-04 03:01:38.853404
Royale White musk,98.0,Vente,https://mysweetyskin.ma/products/royale-white-musk-1,Huile Parfumée,2025-10-04 03:01:38.853404
Vanille-coco lover,98.0,Vente,https://mysweetyskin.ma/products/coco-vanille-lover,Huile Parfumée,2025-10-04 03:01:38.853404
Oud passion,98.0,Vente,https://mysweetyskin.ma/products/oud-passion,Huile Parfumée,2025-10-04 03:01:38.853404
Natura skin,98.0,Épuisé,https://mysweetyskin.ma/products/natura-skin,Huile Parfumée,2025-10-04 03:01:38.853404
Candy Land,98.0,Épuisé,https://mysweetyskin.ma/products/fresk-skin-copy,Huile Parfumée,2025-10-04 03:01:38.853404
Oriental queen,98.0,Vente,https://mysweetyskin.ma/products/oriental-queen,Huile Parfumée,2025-10-04 03:01:38.853404
My skin secrets,98.0,Épuisé,https://mysweetyskin.ma/products/my-skin-secrets,Huile Parfumée,2025-10-04 03:01:38.853404
Musc al roman,105.0,Vente,https://mysweetyskin.ma/products/musc-al-roman,Huile Parfumée,2025-10-04 03:01:38.853404
Bacarat rouge musc,105.0,Vente,https://mysweetyskin.ma/products/bacarat-rouge-musc,Huile Parfumée,2025-10-04 03:01:38.853404
Musc tahara,105.0,Vente,https://mysweetyskin.ma/products/musc-atahara,Huile Parfumée,2025-10-04 03:01:38.853404
Soft musc,105.0,Vente,https://mysweetyskin.ma/products/soft-musc,Huile Parfumée,2025-10-04 03:01:38.853404
More sweet,98.0,Vente,https://mysweetyskin.ma/products/more-sweet,Huile Parfumée,2025-10-04 03:01:38.853404
Bella rosa,98.0,Vente,https://mysweetyskin.ma/products/bella-rosa,Huile Parfumée,2025-10-04 03:01:38.853404
Exotic garden,98.0,Épuisé,https://mysweetyskin.ma/products/exotic-garden,Huile Parfumée,2025-10-04 03:01:38.853404
Badee Al Oud Sublime,98.0,Vente,https://mysweetyskin.ma/products/badee-al-oud,Huile Parfumée,2025-10-04 03:01:38.853404
Cristal Noir,98.0,Vente,https://mysweetyskin.ma/products/cristal-noir,Huile Parfumée,2025-10-04 03:01:38.853404
Divine,98.0,Vente,https://mysweetyskin.ma/products/divine,Huile Parfumée,2025-10-04 03:01:38.853404
Giordani Gold Essenza,98.0,Vente,https://mysweetyskin.ma/products/giordani-gold-essenza,Huile Parfumée,2025-10-04 03:01:38.853404
Her Burberry,98.0,Vente,https://mysweetyskin.ma/products/her-burberry,Huile Parfumée,2025-10-04 03:01:38.853404
Lady Milion,98.0,Vente,https://mysweetyskin.ma/products/lady-milion,Huile Parfumée,2025-10-04 03:01:38.853404
Manifesto,98.0,Vente,https://mysweetyskin.ma/products/manifesto,Huile Parfumée,2025-10-04 03:01:38.853404
Milion Gold For Her,98.0,Vente,https://mysweetyskin.ma/products/milion-gold-for-her,Huile Parfumée,2025-10-04 03:01:38.853404
Miss Dior,98.0,Vente,https://mysweetyskin.ma/products/miss-dior,Huile Parfumée,2025-10-04 03:01:38.853404
Miss Dior Cherie,98.0,Vente,https://mysweetyskin.ma/products/miss-dior-cherie,Huile Parfumée,2025-10-04 03:01:38.853404
Mon Paris,98.0,Vente,https://mysweetyskin.ma/products/mon-paris,Huile Parfumée,2025-10-04 03:01:38.853404
My Way,98.0,Vente,https://mysweetyskin.ma/products/my-way,Huile Parfumée,2025-10-04 03:01:38.853404
Si Armani,98.0,Vente,https://mysweetyskin.ma/products/si-armani,Huile Parfumée,2025-10-04 03:01:38.853404
So Élixir,98.0,Vente,https://mysweetyskin.ma/products/so-elixir,Huile Parfumée,2025-10-04 03:01:38.853404
Ana Abiyedh,98.0,Vente,https://mysweetyskin.ma/products/ana-abiyedh,Huile Parfumée,2025-10-04 03:01:38.853404
Bali Coconut Palm,98.0,Épuisé,https://mysweetyskin.ma/products/bali-coconut-palm,Huile Parfumée,2025-10-04 03:01:38.853404
Black Opium,98.0,Vente,https://mysweetyskin.ma/products/black-opuim,Huile Parfumée,2025-10-04 03:01:38.853404
Chance,98.0,Vente,https://mysweetyskin.ma/products/chance,Huile Parfumée,2025-10-04 03:01:38.853404
Dark Romantic,98.0,Épuisé,https://mysweetyskin.ma/products/dak-romantic,Huile Parfumée,2025-10-04 03:01:38.853404
Elie Saab,98.0,Vente,https://mysweetyskin.ma/products/elie-saab,Huile Parfumée,2025-10-04 03:01:38.853404
Gucci Guilty,98.0,Vente,https://mysweetyskin.ma/products/gucci-guilty,Huile Parfumée,2025-10-04 03:01:38.853404
Gucci Rush,98.0,Vente,https://mysweetyskin.ma/products/gucci-rush,Huile Parfumée,2025-10-04 03:01:38.853404
Hypnotic Poison,98.0,Vente,https://mysweetyskin.ma/products/hypnotic-poison,Huile Parfumée,2025-10-04 03:01:38.853404
Idole,98.0,Vente,https://mysweetyskin.ma/products/idole,Huile Parfumée,2025-10-04 03:01:38.853404
Gucci Bloom,98.0,Vente,https://mysweetyskin.ma/products/gucci-bloom,Huile Parfumée,2025-10-04 03:01:38.853404
L'impératrice,98.0,Vente,https://mysweetyskin.ma/products/limperatrice,Huile Parfumée,2025-10-04 03:01:38.853404
La Belle Pardise Garden,98.0,Épuisé,https://mysweetyskin.ma/products/la-belle-pardise-garden,Huile Parfumée,2025-10-04 03:01:38.853404
Mon Guerlain,98.0,Vente,https://mysweetyskin.ma/products/mon-guerlain,Huile Parfumée,2025-10-04 03:01:38.853404
My way Floral,98.0,Vente,https://mysweetyskin.ma/products/my-way-floral,Huile Parfumée,2025-10-04 03:01:38.853404
N.R Fleur Musc,98.0,Vente,https://mysweetyskin.ma/products/nr-fleur-musc,Huile Parfumée,2025-10-04 03:01:38.853404
Pure Musc For Her,98.0,Vente,https://mysweetyskin.ma/products/pure-musc-for-her,Huile Parfumée,2025-10-04 03:01:38.853404
Gissah Imperial Valley,98.0,Vente,https://mysweetyskin.ma/products/qisa-imperial-valley,Huile Parfumée,2025-10-04 03:01:38.853404
Gissah One & Only,98.0,Vente,https://mysweetyskin.ma/products/qisa-one-only,Huile Parfumée,2025-10-04 03:01:38.853404
Scandal,98.0,Vente,https://mysweetyskin.ma/products/scandal,Huile Parfumée,2025-10-04 03:01:38.853404
Sense Laverne,98.0,Vente,https://mysweetyskin.ma/products/sens-la-verne,Huile Parfumée,2025-10-04 03:01:38.853404
Si Passione,98.0,Vente,https://mysweetyskin.ma/products/si-passione-1,Huile Parfumée,2025-10-04 03:01:38.853404
Taj Sunset Escada,98.0,Vente,https://mysweetyskin.ma/products/taj-sunset-escada,Huile Parfumée,2025-10-04 03:01:38.853404
The One,98.0,Vente,https://mysweetyskin.ma/products/the-one,Huile Parfumée,2025-10-04 03:01:38.853404
Poison Girl,98.0,Vente,https://mysweetyskin.ma/products/poison-girl,Huile Parfumée,2025-10-04 03:01:38.853404
L'interdit,98.0,Vente,https://mysweetyskin.ma/products/linterdit,Huile Parfumée,2025-10-04 03:01:38.853404
La Vie Est Belle,98.0,Vente,https://mysweetyskin.ma/products/la-vie-est-belle-2,Huile Parfumée,2025-10-04 03:01:38.853404
Fame,98.0,Vente,https://mysweetyskin.ma/products/fame,Huile Parfumée,2025-10-04 03:01:38.853404
Libre,98.0,Vente,https://mysweetyskin.ma/products/libre,Huile Parfumée,2025-10-04 03:01:38.853404
Good Girl,98.0,Vente,https://mysweetyskin.ma/products/good-girl,Huile Parfumée,2025-10-04 03:01:38.853404
Coco Mademoiselle,98.0,Vente,https://mysweetyskin.ma/products/coco-mademoiselle,Huile Parfumée,2025-10-04 03:01:38.853404
Luxury girl,77.0,Vente,https://mysweetyskin.ma/products/luxury-girl,Mikhmariyat,2025-10-04 03:01:38.853404
Sweet love,77.0,Vente,https://mysweetyskin.ma/products/sweet-love,Mikhmariyat,2025-10-04 03:01:38.853404
Coco & Musc,77.0,Vente,https://mysweetyskin.ma/products/coco-musc,Mikhmariyat,2025-10-04 03:01:38.853404
Amber & Musc,77.0,Vente,https://mysweetyskin.ma/products/amber-musc,Mikhmariyat,2025-10-04 03:01:38.853404
Orchidée,77.0,Vente,https://mysweetyskin.ma/products/orchidee,Mikhmariyat,2025-10-04 03:01:38.853404
Soft women,77.0,Vente,https://mysweetyskin.ma/products/soft-women,Mikhmariyat,2025-10-04 03:01:38.853404
Fruit rouge,77.0,Épuisé,https://mysweetyskin.ma/products/fruit-rouge,Mikhmariyat,2025-10-04 03:01:38.853404
Oud kambodi,77.0,Vente,https://mysweetyskin.ma/products/oud-kambodi,Mikhmariyat,2025-10-04 03:01:38.853404
Vanille & Miel,77.0,Vente,https://mysweetyskin.ma/products/vanille-miel,Mikhmariyat,2025-10-04 03:01:38.853404
Musc al roman,105.0,Vente,https://mysweetyskin.ma/products/musc-al-roman,Mikhmariyat,2025-10-04 03:01:38.853404
Bacarat rouge musc,105.0,Vente,https://mysweetyskin.ma/products/bacarat-rouge-musc,Mikhmariyat,2025-10-04 03:01:38.853404
Musc tahara,105.0,Vente,https://mysweetyskin.ma/products/musc-atahara,Mikhmariyat,2025-10-04 03:01:38.853404
Soft musc,105.0,Vente,https://mysweetyskin.ma/products/soft-musc,Mikhmariyat,2025-10-04 03:01:38.853404
Fleur d'oranger,77.0,Vente,https://mysweetyskin.ma/products/fleur-doranger,Mikhmariyat,2025-10-04 03:01:38.853404
Tropical,77.0,Vente,https://mysweetyskin.ma/products/tropical,Mikhmariyat,2025-10-04 03:01:38.853404
Caramel love,77.0,Épuisé,https://mysweetyskin.ma/products/caramel-love,Mikhmariyat,2025-10-04 03:01:38.853404
La vie est belle,77.0,Vente,https://mysweetyskin.ma/products/la-vie-est-belle,Mikhmariyat,2025-10-04 03:01:38.853404
Manifesto,77.0,Vente,https://mysweetyskin.ma/products/manifesto-1,Mikhmariyat,2025-10-04 03:01:38.853404
Divine,77.0,Vente,https://mysweetyskin.ma/products/divine-1,Mikhmariyat,2025-10-04 03:01:38.853404
Cristal Noir,77.0,Vente,https://mysweetyskin.ma/products/cristal-noir-1,Mikhmariyat,2025-10-04 03:01:38.853404
Badee Al Oud Sublime,77.0,Vente,https://mysweetyskin.ma/products/badee-al-oud-sublime,Mikhmariyat,2025-10-04 03:01:38.853404
Milion Gold For Her,77.0,Vente,https://mysweetyskin.ma/products/milion-gold-for-her-1,Mikhmariyat,2025-10-04 03:01:38.853404
Miss Dior Cherie,77.0,Vente,https://mysweetyskin.ma/products/miss-dior-cherie-1,Mikhmariyat,2025-10-04 03:01:38.853404
Mon Paris,77.0,Vente,https://mysweetyskin.ma/products/mon-paris-1,Mikhmariyat,2025-10-04 03:01:38.853404
My Way,77.0,Vente,https://mysweetyskin.ma/products/my-way-1,Mikhmariyat,2025-10-04 03:01:38.853404
Si Armani,77.0,Vente,https://mysweetyskin.ma/products/si-passione,Mikhmariyat,2025-10-04 03:01:38.853404
So Élixir,77.0,Vente,https://mysweetyskin.ma/products/so-elixir-1,Mikhmariyat,2025-10-04 03:01:38.853404
Ana Abiyedh,77.0,Vente,https://mysweetyskin.ma/products/ana-abiyedh-1,Mikhmariyat,2025-10-04 03:01:38.853404
Bali Coconut Palm,77.0,Épuisé,https://mysweetyskin.ma/products/bali-coconut-palm-1,Mikhmariyat,2025-10-04 03:01:38.853404
Chance,77.0,Vente,https://mysweetyskin.ma/products/chance-1,Mikhmariyat,2025-10-04 03:01:38.853404
Black Opium,77.0,Vente,https://mysweetyskin.ma/products/black-opium,Mikhmariyat,2025-10-04 03:01:38.853404
Coco Mademoiselle,77.0,Vente,https://mysweetyskin.ma/products/coco-mademoiselle-2,Mikhmariyat,2025-10-04 03:01:38.853404
Dark Romantic,77.0,Épuisé,https://mysweetyskin.ma/products/dark-romantic,Mikhmariyat,2025-10-04 03:01:38.853404
Elie Saab,77.0,Vente,https://mysweetyskin.ma/products/elie-saab-1,Mikhmariyat,2025-10-04 03:01:38.853404
Fame,77.0,Vente,https://mysweetyskin.ma/products/fame-1,Mikhmariyat,2025-10-04 03:01:38.853404
Giordani Gold Essenza,77.0,Vente,https://mysweetyskin.ma/products/giordani-gold-essanza,Mikhmariyat,2025-10-04 03:01:38.853404
Gucci Bloom,77.0,Vente,https://mysweetyskin.ma/products/gucci-bloom-1,Mikhmariyat,2025-10-04 03:01:38.853404
Gucci Guilty,77.0,Vente,https://mysweetyskin.ma/products/gucci-guilty-1,Mikhmariyat,2025-10-04 03:01:38.853404
Gucci Rush,77.0,Vente,https://mysweetyskin.ma/products/gucci-rush-1,Mikhmariyat,2025-10-04 03:01:38.853404
Her Burberry,77.0,Vente,https://mysweetyskin.ma/products/her-burberry-2,Mikhmariyat,2025-10-04 03:01:38.853404
Hypnotic Poison,77.0,Vente,https://mysweetyskin.ma/products/hypnotic-poison-1,Mikhmariyat,2025-10-04 03:01:38.853404
Idole,77.0,Vente,https://mysweetyskin.ma/products/idole-1,Mikhmariyat,2025-10-04 03:01:38.853404
L'impératrice,77.0,Vente,https://mysweetyskin.ma/products/limperatrice-1,Mikhmariyat,2025-10-04 03:01:38.853404
L'interdit,77.0,Vente,https://mysweetyskin.ma/products/linterdit-1,Mikhmariyat,2025-10-04 03:01:38.853404
La Belle Paradise Garden,77.0,Vente,https://mysweetyskin.ma/products/la-belle-paradise-garden,Mikhmariyat,2025-10-04 03:01:38.853404
Lady Million,77.0,Vente,https://mysweetyskin.ma/products/lady-million,Mikhmariyat,2025-10-04 03:01:38.853404
Miss Dior,77.0,Vente,https://mysweetyskin.ma/products/miss-dior-2,Mikhmariyat,2025-10-04 03:01:38.853404
Mon Guerlain,77.0,Vente,https://mysweetyskin.ma/products/mon-guerlain-1,Mikhmariyat,2025-10-04 03:01:38.853404
My Way Floral,77.0,Vente,https://mysweetyskin.ma/products/my-way-floral-1,Mikhmariyat,2025-10-04 03:01:38.853404
N.R Fleur Musc,77.0,Vente,https://mysweetyskin.ma/products/n-r-fleure-musc,Mikhmariyat,2025-10-04 03:01:38.853404
Poison Girl,77.0,Vente,https://mysweetyskin.ma/products/poison-girl-1,Mikhmariyat,2025-10-04 03:01:38.853404
Pure Musc For Her,77.0,Vente,https://mysweetyskin.ma/products/pure-musc-for-her-1,Mikhmariyat,2025-10-04 03:01:38.853404
Gissah Imperial Valley,77.0,Vente,https://mysweetyskin.ma/products/qisa-imperial-valley-1,Mikhmariyat,2025-10-04 03:01:38.853404
Gissah One & Only,77.0,Vente,https://mysweetyskin.ma/products/qisa-one-only-1,Mikhmariyat,2025-10-04 03:01:38.853404
Sense Laverne,77.0,Vente,https://mysweetyskin.ma/products/sense-laverne,Mikhmariyat,2025-10-04 03:01:38.853404
Si Passione,77.0,Vente,https://mysweetyskin.ma/products/si-passione-2,Mikhmariyat,2025-10-04 03:01:38.853404
The One,77.0,Vente,https://mysweetyskin.ma/products/the-one-1,Mikhmariyat,2025-10-04 03:01:38.853404
Taj Sunset Escada,77.0,Vente,https://mysweetyskin.ma/products/taj-sunset-escada-1,Mikhmariyat,2025-10-04 03:01:38.853404
Scandal,77.0,Vente,https://mysweetyskin.ma/products/scandal-1,Mikhmariyat,2025-10-04 03:01:38.853404
Good Girl,77.0,Vente,https://mysweetyskin.ma/products/good-girl-1,Mikhmariyat,2025-10-04 03:01:38.853404
Libre,77.0,Vente,https://mysweetyskin.ma/products/libre-1,Mikhmariyat,2025-10-04 03:01:38.853404
Musc al roman,105.0,Vente,https://mysweetyskin.ma/products/musc-al-roman,Musc Tahara,2025-10-04 03:01:38.853404
Bacarat rouge musc,105.0,Vente,https://mysweetyskin.ma/products/bacarat-rouge-musc,Musc Tahara,2025-10-04 03:01:38.853404
Musc tahara,105.0,Vente,https://mysweetyskin.ma/products/musc-atahara,Musc Tahara,2025-10-04 03:01:38.853404
Soft musc,105.0,Vente,https://mysweetyskin.ma/products/soft-musc,Musc Tahara,2025-10-04 03:01:38.853404
