title,price_text,price_value,availability,link,collection
Fresh skin,98.00 Dhs,98.0,Épuisé,https://mysweetyskin.ma/products/fresk-skin,Huile Parfumée
Mon trésor,98.00 Dhs,98.0,Vente,https://mysweetyskin.ma/products/mon-tresor,Huile Parfumée
Royale White musk,98.00 Dhs,98.0,Vente,https://mysweetyskin.ma/products/royale-white-musk-1,Huile Parfumée
Vanille-coco lover,98.00 Dhs,98.0,Vente,https://mysweetyskin.ma/products/coco-vanille-lover,Huile Parfumée
Oud passion,98.00 Dhs,98.0,Vente,https://mysweetyskin.ma/products/oud-passion,Huile Parfumée
Natura skin,98.00 Dhs,98.0,Épuisé,https://mysweetyskin.ma/products/natura-skin,Huile Parfumée
Candy Land,98.00 Dhs,98.0,Épuisé,https://mysweetyskin.ma/products/fresk-skin-copy,Huile Parfumée
Oriental queen,98.00 Dhs,98.0,Vente,https://mysweetyskin.ma/products/oriental-queen,Huile Parfumée
My skin secrets,98.00 Dhs,98.0,Épuisé,https://mysweetyskin.ma/products/my-skin-secrets,Huile Parfumée
,,,Inconnu,https://mysweetyskin.ma/products/musc-al-roman,Huile Parfumée
,,,Inconnu,https://mysweetyskin.ma/products/bacarat-rouge-musc,Huile Parfumée
,,,Inconnu,https://mysweetyskin.ma/products/musc-atahara,Huile Parfumée
,,,Inconnu,https://mysweetyskin.ma/products/soft-musc,Huile Parfumée
Musc al roman,105.00 Dhs,105.0,Vente,https://mysweetyskin.ma/products/musc-al-roman,Huile Parfumée
Bacarat rouge musc,105.00 Dhs,105.0,Vente,https://mysweetyskin.ma/products/bacarat-rouge-musc,Huile Parfumée
Musc tahara,105.00 Dhs,105.0,Vente,https://mysweetyskin.ma/products/musc-atahara,Huile Parfumée
Soft musc,105.00 Dhs,105.0,Vente,https://mysweetyskin.ma/products/soft-musc,Huile Parfumée
,,,Inconnu,https://mysweetyskin.ma/products/musc-al-roman,Huile Parfumée
,,,Inconnu,https://mysweetyskin.ma/products/bacarat-rouge-musc,Huile Parfumée
,,,Inconnu,https://mysweetyskin.ma/products/musc-atahara,Huile Parfumée
,,,Inconnu,https://mysweetyskin.ma/products/soft-musc,Huile Parfumée
More sweet,98.00 Dhs,98.0,Vente,https://mysweetyskin.ma/products/more-sweet,Huile Parfumée
Bella rosa,98.00 Dhs,98.0,Vente,https://mysweetyskin.ma/products/bella-rosa,Huile Parfumée
Exotic garden,98.00 Dhs,98.0,Épuisé,https://mysweetyskin.ma/products/exotic-garden,Huile Parfumée
Badee Al Oud Sublime,98.00 Dhs,98.0,Vente,https://mysweetyskin.ma/products/badee-al-oud,Huile Parfumée
Cristal Noir,98.00 Dhs,98.0,Vente,https://mysweetyskin.ma/products/cristal-noir,Huile Parfumée
Divine,98.00 Dhs,98.0,Vente,https://mysweetyskin.ma/products/divine,Huile Parfumée
Giordani Gold Essenza,98.00 Dhs,98.0,Vente,https://mysweetyskin.ma/products/giordani-gold-essenza,Huile Parfumée
Her Burberry,98.00 Dhs,98.0,Vente,https://mysweetyskin.ma/products/her-burberry,Huile Parfumée
Lady Milion,98.00 Dhs,98.0,Vente,https://mysweetyskin.ma/products/lady-milion,Huile Parfumée
,,,Inconnu,https://mysweetyskin.ma/products/musc-al-roman,Huile Parfumée
,,,Inconnu,https://mysweetyskin.ma/products/bacarat-rouge-musc,Huile Parfumée
,,,Inconnu,https://mysweetyskin.ma/products/musc-atahara,Huile Parfumée
,,,Inconnu,https://mysweetyskin.ma/products/soft-musc,Huile Parfumée
Musc al roman,105.00 Dhs,105.0,Vente,https://mysweetyskin.ma/products/musc-al-roman,Huile Parfumée
Bacarat rouge musc,105.00 Dhs,105.0,Vente,https://mysweetyskin.ma/products/bacarat-rouge-musc,Huile Parfumée
Musc tahara,105.00 Dhs,105.0,Vente,https://mysweetyskin.ma/products/musc-atahara,Huile Parfumée
Soft musc,105.00 Dhs,105.0,Vente,https://mysweetyskin.ma/products/soft-musc,Huile Parfumée
,,,Inconnu,https://mysweetyskin.ma/products/musc-al-roman,Huile Parfumée
,,,Inconnu,https://mysweetyskin.ma/products/bacarat-rouge-musc,Huile Parfumée
,,,Inconnu,https://mysweetyskin.ma/products/musc-atahara,Huile Parfumée
,,,Inconnu,https://mysweetyskin.ma/products/soft-musc,Huile Parfumée
Fresh skin,98.00 Dhs,98.0,Épuisé,https://mysweetyskin.ma/products/fresk-skin,Huile Parfumée
Mon trésor,98.00 Dhs,98.0,Vente,https://mysweetyskin.ma/products/mon-tresor,Huile Parfumée
Royale White musk,98.00 Dhs,98.0,Vente,https://mysweetyskin.ma/products/royale-white-musk-1,Huile Parfumée
Vanille-coco lover,98.00 Dhs,98.0,Vente,https://mysweetyskin.ma/products/coco-vanille-lover,Huile Parfumée
Oud passion,98.00 Dhs,98.0,Vente,https://mysweetyskin.ma/products/oud-passion,Huile Parfumée
Natura skin,98.00 Dhs,98.0,Épuisé,https://mysweetyskin.ma/products/natura-skin,Huile Parfumée
Candy Land,98.00 Dhs,98.0,Épuisé,https://mysweetyskin.ma/products/fresk-skin-copy,Huile Parfumée
Oriental queen,98.00 Dhs,98.0,Vente,https://mysweetyskin.ma/products/oriental-queen,Huile Parfumée
My skin secrets,98.00 Dhs,98.0,Épuisé,https://mysweetyskin.ma/products/my-skin-secrets,Huile Parfumée
,,,Inconnu,https://mysweetyskin.ma/products/musc-al-roman,Huile Parfumée
,,,Inconnu,https://mysweetyskin.ma/products/bacarat-rouge-musc,Huile Parfumée
,,,Inconnu,https://mysweetyskin.ma/products/musc-atahara,Huile Parfumée
,,,Inconnu,https://mysweetyskin.ma/products/soft-musc,Huile Parfumée
Musc al roman,105.00 Dhs,105.0,Vente,https://mysweetyskin.ma/products/musc-al-roman,Huile Parfumée
Bacarat rouge musc,105.00 Dhs,105.0,Vente,https://mysweetyskin.ma/products/bacarat-rouge-musc,Huile Parfumée
Musc tahara,105.00 Dhs,105.0,Vente,https://mysweetyskin.ma/products/musc-atahara,Huile Parfumée
Soft musc,105.00 Dhs,105.0,Vente,https://mysweetyskin.ma/products/soft-musc,Huile Parfumée
,,,Inconnu,https://mysweetyskin.ma/products/musc-al-roman,Huile Parfumée
,,,Inconnu,https://mysweetyskin.ma/products/bacarat-rouge-musc,Huile Parfumée
,,,Inconnu,https://mysweetyskin.ma/products/musc-atahara,Huile Parfumée
,,,Inconnu,https://mysweetyskin.ma/products/soft-musc,Huile Parfumée
Manifesto,98.00 Dhs,98.0,Vente,https://mysweetyskin.ma/products/manifesto,Huile Parfumée
Milion Gold For Her,98.00 Dhs,98.0,Vente,https://mysweetyskin.ma/products/milion-gold-for-her,Huile Parfumée
Miss Dior,98.00 Dhs,98.0,Vente,https://mysweetyskin.ma/products/miss-dior,Huile Parfumée
Miss Dior Cherie,98.00 Dhs,98.0,Vente,https://mysweetyskin.ma/products/miss-dior-cherie,Huile Parfumée
Mon Paris,98.00 Dhs,98.0,Vente,https://mysweetyskin.ma/products/mon-paris,Huile Parfumée
My Way,98.00 Dhs,98.0,Vente,https://mysweetyskin.ma/products/my-way,Huile Parfumée
Si Armani,98.00 Dhs,98.0,Vente,https://mysweetyskin.ma/products/si-armani,Huile Parfumée
So Élixir,98.00 Dhs,98.0,Vente,https://mysweetyskin.ma/products/so-elixir,Huile Parfumée
Ana Abiyedh,98.00 Dhs,98.0,Vente,https://mysweetyskin.ma/products/ana-abiyedh,Huile Parfumée
,,,Inconnu,https://mysweetyskin.ma/products/musc-al-roman,Huile Parfumée
,,,Inconnu,https://mysweetyskin.ma/products/bacarat-rouge-musc,Huile Parfumée
,,,Inconnu,https://mysweetyskin.ma/products/musc-atahara,Huile Parfumée
,,,Inconnu,https://mysweetyskin.ma/products/soft-musc,Huile Parfumée
Musc al roman,105.00 Dhs,105.0,Vente,https://mysweetyskin.ma/products/musc-al-roman,Huile Parfumée
Bacarat rouge musc,105.00 Dhs,105.0,Vente,https://mysweetyskin.ma/products/bacarat-rouge-musc,Huile Parfumée
Musc tahara,105.00 Dhs,105.0,Vente,https://mysweetyskin.ma/products/musc-atahara,Huile Parfumée
Soft musc,105.00 Dhs,105.0,Vente,https://mysweetyskin.ma/products/soft-musc,Huile Parfumée
,,,Inconnu,https://mysweetyskin.ma/products/musc-al-roman,Huile Parfumée
,,,Inconnu,https://mysweetyskin.ma/products/bacarat-rouge-musc,Huile Parfumée
,,,Inconnu,https://mysweetyskin.ma/products/musc-atahara,Huile Parfumée
,,,Inconnu,https://mysweetyskin.ma/products/soft-musc,Huile Parfumée
Bali Coconut Palm,98.00 Dhs,98.0,Épuisé,https://mysweetyskin.ma/products/bali-coconut-palm,Huile Parfumée
Black Opium,98.00 Dhs,98.0,Vente,https://mysweetyskin.ma/products/black-opuim,Huile Parfumée
Chance,98.00 Dhs,98.0,Vente,https://mysweetyskin.ma/products/chance,Huile Parfumée
Dark Romantic,98.00 Dhs,98.0,Épuisé,https://mysweetyskin.ma/products/dak-romantic,Huile Parfumée
Elie Saab,98.00 Dhs,98.0,Vente,https://mysweetyskin.ma/products/elie-saab,Huile Parfumée
Gucci Guilty,98.00 Dhs,98.0,Vente,https://mysweetyskin.ma/products/gucci-guilty,Huile Parfumée
Gucci Rush,98.00 Dhs,98.0,Vente,https://mysweetyskin.ma/products/gucci-rush,Huile Parfumée
Hypnotic Poison,98.00 Dhs,98.0,Vente,https://mysweetyskin.ma/products/hypnotic-poison,Huile Parfumée
Idole,98.00 Dhs,98.0,Vente,https://mysweetyskin.ma/products/idole,Huile Parfumée
,,,Inconnu,https://mysweetyskin.ma/products/musc-al-roman,Huile Parfumée
,,,Inconnu,https://mysweetyskin.ma/products/bacarat-rouge-musc,Huile Parfumée
,,,Inconnu,https://mysweetyskin.ma/products/musc-atahara,Huile Parfumée
,,,Inconnu,https://mysweetyskin.ma/products/soft-musc,Huile Parfumée
Musc al roman,105.00 Dhs,105.0,Vente,https://mysweetyskin.ma/products/musc-al-roman,Huile Parfumée
Bacarat rouge musc,105.00 Dhs,105.0,Vente,https://mysweetyskin.ma/products/bacarat-rouge-musc,Huile Parfumée
Musc tahara,105.00 Dhs,105.0,Vente,https://mysweetyskin.ma/products/musc-atahara,Huile Parfumée
Soft musc,105.00 Dhs,105.0,Vente,https://mysweetyskin.ma/products/soft-musc,Huile Parfumée
,,,Inconnu,https://mysweetyskin.ma/products/musc-al-roman,Huile Parfumée
,,,Inconnu,https://mysweetyskin.ma/products/bacarat-rouge-musc,Huile Parfumée
,,,Inconnu,https://mysweetyskin.ma/products/musc-atahara,Huile Parfumée
,,,Inconnu,https://mysweetyskin.ma/products/soft-musc,Huile Parfumée
Gucci Bloom,98.00 Dhs,98.0,Vente,https://mysweetyskin.ma/products/gucci-bloom,Huile Parfumée
L'impératrice,98.00 Dhs,98.0,Vente,https://mysweetyskin.ma/products/limperatrice,Huile Parfumée
La Belle Pardise Garden,98.00 Dhs,98.0,Épuisé,https://mysweetyskin.ma/products/la-belle-pardise-garden,Huile Parfumée
Mon Guerlain,98.00 Dhs,98.0,Vente,https://mysweetyskin.ma/products/mon-guerlain,Huile Parfumée
My way Floral,98.00 Dhs,98.0,Vente,https://mysweetyskin.ma/products/my-way-floral,Huile Parfumée
N.R Fleur Musc,98.00 Dhs,98.0,Vente,https://mysweetyskin.ma/products/nr-fleur-musc,Huile Parfumée
Pure Musc For Her,98.00 Dhs,98.0,Vente,https://mysweetyskin.ma/products/pure-musc-for-her,Huile Parfumée
Gissah Imperial Valley,98.00 Dhs,98.0,Vente,https://mysweetyskin.ma/products/qisa-imperial-valley,Huile Parfumée
Gissah One & Only,98.00 Dhs,98.0,Vente,https://mysweetyskin.ma/products/qisa-one-only,Huile Parfumée
,,,Inconnu,https://mysweetyskin.ma/products/musc-al-roman,Huile Parfumée
,,,Inconnu,https://mysweetyskin.ma/products/bacarat-rouge-musc,Huile Parfumée
,,,Inconnu,https://mysweetyskin.ma/products/musc-atahara,Huile Parfumée
,,,Inconnu,https://mysweetyskin.ma/products/soft-musc,Huile Parfumée
Musc al roman,105.00 Dhs,105.0,Vente,https://mysweetyskin.ma/products/musc-al-roman,Huile Parfumée
Bacarat rouge musc,105.00 Dhs,105.0,Vente,https://mysweetyskin.ma/products/bacarat-rouge-musc,Huile Parfumée
Musc tahara,105.00 Dhs,105.0,Vente,https://mysweetyskin.ma/products/musc-atahara,Huile Parfumée
Soft musc,105.00 Dhs,105.0,Vente,https://mysweetyskin.ma/products/soft-musc,Huile Parfumée
,,,Inconnu,https://mysweetyskin.ma/products/musc-al-roman,Huile Parfumée
,,,Inconnu,https://mysweetyskin.ma/products/bacarat-rouge-musc,Huile Parfumée
,,,Inconnu,https://mysweetyskin.ma/products/musc-atahara,Huile Parfumée
,,,Inconnu,https://mysweetyskin.ma/products/soft-musc,Huile Parfumée
Scandal,98.00 Dhs,98.0,Vente,https://mysweetyskin.ma/products/scandal,Huile Parfumée
Sense Laverne,98.00 Dhs,98.0,Vente,https://mysweetyskin.ma/products/sens-la-verne,Huile Parfumée
Si Passione,98.00 Dhs,98.0,Vente,https://mysweetyskin.ma/products/si-passione-1,Huile Parfumée
Taj Sunset Escada,98.00 Dhs,98.0,Vente,https://mysweetyskin.ma/products/taj-sunset-escada,Huile Parfumée
The One,98.00 Dhs,98.0,Vente,https://mysweetyskin.ma/products/the-one,Huile Parfumée
Poison Girl,98.00 Dhs,98.0,Vente,https://mysweetyskin.ma/products/poison-girl,Huile Parfumée
L'interdit,98.00 Dhs,98.0,Vente,https://mysweetyskin.ma/products/linterdit,Huile Parfumée
La Vie Est Belle,98.00 Dhs,98.0,Vente,https://mysweetyskin.ma/products/la-vie-est-belle-2,Huile Parfumée
Fame,98.00 Dhs,98.0,Vente,https://mysweetyskin.ma/products/fame,Huile Parfumée
,,,Inconnu,https://mysweetyskin.ma/products/musc-al-roman,Huile Parfumée
,,,Inconnu,https://mysweetyskin.ma/products/bacarat-rouge-musc,Huile Parfumée
,,,Inconnu,https://mysweetyskin.ma/products/musc-atahara,Huile Parfumée
,,,Inconnu,https://mysweetyskin.ma/products/soft-musc,Huile Parfumée
Musc al roman,105.00 Dhs,105.0,Vente,https://mysweetyskin.ma/products/musc-al-roman,Huile Parfumée
Bacarat rouge musc,105.00 Dhs,105.0,Vente,https://mysweetyskin.ma/products/bacarat-rouge-musc,Huile Parfumée
Musc tahara,105.00 Dhs,105.0,Vente,https://mysweetyskin.ma/products/musc-atahara,Huile Parfumée
Soft musc,105.00 Dhs,105.0,Vente,https://mysweetyskin.ma/products/soft-musc,Huile Parfumée
,,,Inconnu,https://mysweetyskin.ma/products/musc-al-roman,Huile Parfumée
,,,Inconnu,https://mysweetyskin.ma/products/bacarat-rouge-musc,Huile Parfumée
,,,Inconnu,https://mysweetyskin.ma/products/musc-atahara,Huile Parfumée
,,,Inconnu,https://mysweetyskin.ma/products/soft-musc,Huile Parfumée
Libre,98.00 Dhs,98.0,Vente,https://mysweetyskin.ma/products/libre,Huile Parfumée
Good Girl,98.00 Dhs,98.0,Vente,https://mysweetyskin.ma/products/good-girl,Huile Parfumée
Coco Mademoiselle,98.00 Dhs,98.0,Vente,https://mysweetyskin.ma/products/coco-mademoiselle,Huile Parfumée
,,,Inconnu,https://mysweetyskin.ma/products/musc-al-roman,Huile Parfumée
,,,Inconnu,https://mysweetyskin.ma/products/bacarat-rouge-musc,Huile Parfumée
,,,Inconnu,https://mysweetyskin.ma/products/musc-atahara,Huile Parfumée
,,,Inconnu,https://mysweetyskin.ma/products/soft-musc,Huile Parfumée
Musc al roman,105.00 Dhs,105.0,Vente,https://mysweetyskin.ma/products/musc-al-roman,Huile Parfumée
Bacarat rouge musc,105.00 Dhs,105.0,Vente,https://mysweetyskin.ma/products/bacarat-rouge-musc,Huile Parfumée
Musc tahara,105.00 Dhs,105.0,Vente,https://mysweetyskin.ma/products/musc-atahara,Huile Parfumée
Soft musc,105.00 Dhs,105.0,Vente,https://mysweetyskin.ma/products/soft-musc,Huile Parfumée
,,,Inconnu,https://mysweetyskin.ma/products/musc-al-roman,Huile Parfumée
,,,Inconnu,https://mysweetyskin.ma/products/bacarat-rouge-musc,Huile Parfumée
,,,Inconnu,https://mysweetyskin.ma/products/musc-atahara,Huile Parfumée
,,,Inconnu,https://mysweetyskin.ma/products/soft-musc,Huile Parfumée
Luxury girl,77.00 Dhs,77.0,Vente,https://mysweetyskin.ma/products/luxury-girl,Mikhmariyat
Sweet love,77.00 Dhs,77.0,Vente,https://mysweetyskin.ma/products/sweet-love,Mikhmariyat
Coco & Musc,77.00 Dhs,77.0,Vente,https://mysweetyskin.ma/products/coco-musc,Mikhmariyat
Amber & Musc,77.00 Dhs,77.0,Vente,https://mysweetyskin.ma/products/amber-musc,Mikhmariyat
Orchidée,77.00 Dhs,77.0,Vente,https://mysweetyskin.ma/products/orchidee,Mikhmariyat
Soft women,77.00 Dhs,77.0,Vente,https://mysweetyskin.ma/products/soft-women,Mikhmariyat
Fruit rouge,77.00 Dhs,77.0,Épuisé,https://mysweetyskin.ma/products/fruit-rouge,Mikhmariyat
Oud kambodi,77.00 Dhs,77.0,Vente,https://mysweetyskin.ma/products/oud-kambodi,Mikhmariyat
Vanille & Miel,77.00 Dhs,77.0,Vente,https://mysweetyskin.ma/products/vanille-miel,Mikhmariyat
,,,Inconnu,https://mysweetyskin.ma/products/musc-al-roman,Mikhmariyat
,,,Inconnu,https://mysweetyskin.ma/products/bacarat-rouge-musc,Mikhmariyat
,,,Inconnu,https://mysweetyskin.ma/products/musc-atahara,Mikhmariyat
,,,Inconnu,https://mysweetyskin.ma/products/soft-musc,Mikhmariyat
Musc al roman,105.00 Dhs,105.0,Vente,https://mysweetyskin.ma/products/musc-al-roman,Mikhmariyat
Bacarat rouge musc,105.00 Dhs,105.0,Vente,https://mysweetyskin.ma/products/bacarat-rouge-musc,Mikhmariyat
Musc tahara,105.00 Dhs,105.0,Vente,https://mysweetyskin.ma/products/musc-atahara,Mikhmariyat
Soft musc,105.00 Dhs,105.0,Vente,https://mysweetyskin.ma/products/soft-musc,Mikhmariyat
,,,Inconnu,https://mysweetyskin.ma/products/musc-al-roman,Mikhmariyat
,,,Inconnu,https://mysweetyskin.ma/products/bacarat-rouge-musc,Mikhmariyat
,,,Inconnu,https://mysweetyskin.ma/products/musc-atahara,Mikhmariyat
,,,Inconnu,https://mysweetyskin.ma/products/soft-musc,Mikhmariyat
Fleur d'oranger,77.00 Dhs,77.0,Vente,https://mysweetyskin.ma/products/fleur-doranger,Mikhmariyat
Tropical,77.00 Dhs,77.0,Vente,https://mysweetyskin.ma/products/tropical,Mikhmariyat
Caramel love,77.00 Dhs,77.0,Épuisé,https://mysweetyskin.ma/products/caramel-love,Mikhmariyat
La vie est belle,77.00 Dhs,77.0,Vente,https://mysweetyskin.ma/products/la-vie-est-belle,Mikhmariyat
Manifesto,77.00 Dhs,77.0,Vente,https://mysweetyskin.ma/products/manifesto-1,Mikhmariyat
Divine,77.00 Dhs,77.0,Vente,https://mysweetyskin.ma/products/divine-1,Mikhmariyat
Cristal Noir,77.00 Dhs,77.0,Vente,https://mysweetyskin.ma/products/cristal-noir-1,Mikhmariyat
Badee Al Oud Sublime,77.00 Dhs,77.0,Vente,https://mysweetyskin.ma/products/badee-al-oud-sublime,Mikhmariyat
Milion Gold For Her,77.00 Dhs,77.0,Vente,https://mysweetyskin.ma/products/milion-gold-for-her-1,Mikhmariyat
,,,Inconnu,https://mysweetyskin.ma/products/musc-al-roman,Mikhmariyat
,,,Inconnu,https://mysweetyskin.ma/products/bacarat-rouge-musc,Mikhmariyat
,,,Inconnu,https://mysweetyskin.ma/products/musc-atahara,Mikhmariyat
,,,Inconnu,https://mysweetyskin.ma/products/soft-musc,Mikhmariyat
Musc al roman,105.00 Dhs,105.0,Vente,https://mysweetyskin.ma/products/musc-al-roman,Mikhmariyat
Bacarat rouge musc,105.00 Dhs,105.0,Vente,https://mysweetyskin.ma/products/bacarat-rouge-musc,Mikhmariyat
Musc tahara,105.00 Dhs,105.0,Vente,https://mysweetyskin.ma/products/musc-atahara,Mikhmariyat
Soft musc,105.00 Dhs,105.0,Vente,https://mysweetyskin.ma/products/soft-musc,Mikhmariyat
,,,Inconnu,https://mysweetyskin.ma/products/musc-al-roman,Mikhmariyat
,,,Inconnu,https://mysweetyskin.ma/products/bacarat-rouge-musc,Mikhmariyat
,,,Inconnu,https://mysweetyskin.ma/products/musc-atahara,Mikhmariyat
,,,Inconnu,https://mysweetyskin.ma/products/soft-musc,Mikhmariyat
Luxury girl,77.00 Dhs,77.0,Vente,https://mysweetyskin.ma/products/luxury-girl,Mikhmariyat
Sweet love,77.00 Dhs,77.0,Vente,https://mysweetyskin.ma/products/sweet-love,Mikhmariyat
Coco & Musc,77.00 Dhs,77.0,Vente,https://mysweetyskin.ma/products/coco-musc,Mikhmariyat
Amber & Musc,77.00 Dhs,77.0,Vente,https://mysweetyskin.ma/products/amber-musc,Mikhmariyat
Orchidée,77.00 Dhs,77.0,Vente,https://mysweetyskin.ma/products/orchidee,Mikhmariyat
Soft women,77.00 Dhs,77.0,Vente,https://mysweetyskin.ma/products/soft-women,Mikhmariyat
Fruit rouge,77.00 Dhs,77.0,Épuisé,https://mysweetyskin.ma/products/fruit-rouge,Mikhmariyat
Oud kambodi,77.00 Dhs,77.0,Vente,https://mysweetyskin.ma/products/oud-kambodi,Mikhmariyat
Vanille & Miel,77.00 Dhs,77.0,Vente,https://mysweetyskin.ma/products/vanille-miel,Mikhmariyat
,,,Inconnu,https://mysweetyskin.ma/products/musc-al-roman,Mikhmariyat
,,,Inconnu,https://mysweetyskin.ma/products/bacarat-rouge-musc,Mikhmariyat
,,,Inconnu,https://mysweetyskin.ma/products/musc-atahara,Mikhmariyat
,,,Inconnu,https://mysweetyskin.ma/products/soft-musc,Mikhmariyat
Musc al roman,105.00 Dhs,105.0,Vente,https://mysweetyskin.ma/products/musc-al-roman,Mikhmariyat
Bacarat rouge musc,105.00 Dhs,105.0,Vente,https://mysweetyskin.ma/products/bacarat-rouge-musc,Mikhmariyat
Musc tahara,105.00 Dhs,105.0,Vente,https://mysweetyskin.ma/products/musc-atahara,Mikhmariyat
Soft musc,105.00 Dhs,105.0,Vente,https://mysweetyskin.ma/products/soft-musc,Mikhmariyat
,,,Inconnu,https://mysweetyskin.ma/products/musc-al-roman,Mikhmariyat
,,,Inconnu,https://mysweetyskin.ma/products/bacarat-rouge-musc,Mikhmariyat
,,,Inconnu,https://mysweetyskin.ma/products/musc-atahara,Mikhmariyat
,,,Inconnu,https://mysweetyskin.ma/products/soft-musc,Mikhmariyat
Miss Dior Cherie,77.00 Dhs,77.0,Vente,https://mysweetyskin.ma/products/miss-dior-cherie-1,Mikhmariyat
Mon Paris,77.00 Dhs,77.0,Vente,https://mysweetyskin.ma/products/mon-paris-1,Mikhmariyat
My Way,77.00 Dhs,77.0,Vente,https://mysweetyskin.ma/products/my-way-1,Mikhmariyat
Si Armani,77.00 Dhs,77.0,Vente,https://mysweetyskin.ma/products/si-passione,Mikhmariyat
So Élixir,77.00 Dhs,77.0,Vente,https://mysweetyskin.ma/products/so-elixir-1,Mikhmariyat
Ana Abiyedh,77.00 Dhs,77.0,Vente,https://mysweetyskin.ma/products/ana-abiyedh-1,Mikhmariyat
Bali Coconut Palm,77.00 Dhs,77.0,Épuisé,https://mysweetyskin.ma/products/bali-coconut-palm-1,Mikhmariyat
Chance,77.00 Dhs,77.0,Vente,https://mysweetyskin.ma/products/chance-1,Mikhmariyat
Black Opium,77.00 Dhs,77.0,Vente,https://mysweetyskin.ma/products/black-opium,Mikhmariyat
,,,Inconnu,https://mysweetyskin.ma/products/musc-al-roman,Mikhmariyat
,,,Inconnu,https://mysweetyskin.ma/products/bacarat-rouge-musc,Mikhmariyat
,,,Inconnu,https://mysweetyskin.ma/products/musc-atahara,Mikhmariyat
,,,Inconnu,https://mysweetyskin.ma/products/soft-musc,Mikhmariyat
Musc al roman,105.00 Dhs,105.0,Vente,https://mysweetyskin.ma/products/musc-al-roman,Mikhmariyat
Bacarat rouge musc,105.00 Dhs,105.0,Vente,https://mysweetyskin.ma/products/bacarat-rouge-musc,Mikhmariyat
Musc tahara,105.00 Dhs,105.0,Vente,https://mysweetyskin.ma/products/musc-atahara,Mikhmariyat
Soft musc,105.00 Dhs,105.0,Vente,https://mysweetyskin.ma/products/soft-musc,Mikhmariyat
,,,Inconnu,https://mysweetyskin.ma/products/musc-al-roman,Mikhmariyat
,,,Inconnu,https://mysweetyskin.ma/products/bacarat-rouge-musc,Mikhmariyat
,,,Inconnu,https://mysweetyskin.ma/products/musc-atahara,Mikhmariyat
,,,Inconnu,https://mysweetyskin.ma/products/soft-musc,Mikhmariyat
Coco Mademoiselle,77.00 Dhs,77.0,Vente,https://mysweetyskin.ma/products/coco-mademoiselle-2,Mikhmariyat
Dark Romantic,77.00 Dhs,77.0,Épuisé,https://mysweetyskin.ma/products/dark-romantic,Mikhmariyat
Divine,77.00 Dhs,77.0,Vente,https://mysweetyskin.ma/products/divine-2,Mikhmariyat
Elie Saab,77.00 Dhs,77.0,Vente,https://mysweetyskin.ma/products/elie-saab-1,Mikhmariyat
Fame,77.00 Dhs,77.0,Vente,https://mysweetyskin.ma/products/fame-1,Mikhmariyat
Giordani Gold Essenza,77.00 Dhs,77.0,Vente,https://mysweetyskin.ma/products/giordani-gold-essanza,Mikhmariyat
Gucci Bloom,77.00 Dhs,77.0,Vente,https://mysweetyskin.ma/products/gucci-bloom-1,Mikhmariyat
Gucci Guilty,77.00 Dhs,77.0,Vente,https://mysweetyskin.ma/products/gucci-guilty-1,Mikhmariyat
Gucci Rush,77.00 Dhs,77.0,Vente,https://mysweetyskin.ma/products/gucci-rush-1,Mikhmariyat
,,,Inconnu,https://mysweetyskin.ma/products/musc-al-roman,Mikhmariyat
,,,Inconnu,https://mysweetyskin.ma/products/bacarat-rouge-musc,Mikhmariyat
,,,Inconnu,https://mysweetyskin.ma/products/musc-atahara,Mikhmariyat
,,,Inconnu,https://mysweetyskin.ma/products/soft-musc,Mikhmariyat
Musc al roman,105.00 Dhs,105.0,Vente,https://mysweetyskin.ma/products/musc-al-roman,Mikhmariyat
Bacarat rouge musc,105.00 Dhs,105.0,Vente,https://mysweetyskin.ma/products/bacarat-rouge-musc,Mikhmariyat
Musc tahara,105.00 Dhs,105.0,Vente,https://mysweetyskin.ma/products/musc-atahara,Mikhmariyat
Soft musc,105.00 Dhs,105.0,Vente,https://mysweetyskin.ma/products/soft-musc,Mikhmariyat
,,,Inconnu,https://mysweetyskin.ma/products/musc-al-roman,Mikhmariyat
,,,Inconnu,https://mysweetyskin.ma/products/bacarat-rouge-musc,Mikhmariyat
,,,Inconnu,https://mysweetyskin.ma/products/musc-atahara,Mikhmariyat
,,,Inconnu,https://mysweetyskin.ma/products/soft-musc,Mikhmariyat
Her Burberry,77.00 Dhs,77.0,Vente,https://mysweetyskin.ma/products/her-burberry-2,Mikhmariyat
Hypnotic Poison,77.00 Dhs,77.0,Vente,https://mysweetyskin.ma/products/hypnotic-poison-1,Mikhmariyat
Idole,77.00 Dhs,77.0,Vente,https://mysweetyskin.ma/products/idole-1,Mikhmariyat
L'impératrice,77.00 Dhs,77.0,Vente,https://mysweetyskin.ma/products/limperatrice-1,Mikhmariyat
L'interdit,77.00 Dhs,77.0,Vente,https://mysweetyskin.ma/products/linterdit-1,Mikhmariyat
La Belle Paradise Garden,77.00 Dhs,77.0,Vente,https://mysweetyskin.ma/products/la-belle-paradise-garden,Mikhmariyat
Lady Million,77.00 Dhs,77.0,Vente,https://mysweetyskin.ma/products/lady-million,Mikhmariyat
Manifesto,77.00 Dhs,77.0,Vente,https://mysweetyskin.ma/products/manifesto-2,Mikhmariyat
Miss Dior,77.00 Dhs,77.0,Vente,https://mysweetyskin.ma/products/miss-dior-2,Mikhmariyat
,,,Inconnu,https://mysweetyskin.ma/products/musc-al-roman,Mikhmariyat
,,,Inconnu,https://mysweetyskin.ma/products/bacarat-rouge-musc,Mikhmariyat
,,,Inconnu,https://mysweetyskin.ma/products/musc-atahara,Mikhmariyat
,,,Inconnu,https://mysweetyskin.ma/products/soft-musc,Mikhmariyat
Musc al roman,105.00 Dhs,105.0,Vente,https://mysweetyskin.ma/products/musc-al-roman,Mikhmariyat
Bacarat rouge musc,105.00 Dhs,105.0,Vente,https://mysweetyskin.ma/products/bacarat-rouge-musc,Mikhmariyat
Musc tahara,105.00 Dhs,105.0,Vente,https://mysweetyskin.ma/products/musc-atahara,Mikhmariyat
Soft musc,105.00 Dhs,105.0,Vente,https://mysweetyskin.ma/products/soft-musc,Mikhmariyat
,,,Inconnu,https://mysweetyskin.ma/products/musc-al-roman,Mikhmariyat
,,,Inconnu,https://mysweetyskin.ma/products/bacarat-rouge-musc,Mikhmariyat
,,,Inconnu,https://mysweetyskin.ma/products/musc-atahara,Mikhmariyat
,,,Inconnu,https://mysweetyskin.ma/products/soft-musc,Mikhmariyat
Miss Dior Cherie,77.00 Dhs,77.0,Vente,https://mysweetyskin.ma/products/miss-dior-cherie-2,Mikhmariyat
Mon Guerlain,77.00 Dhs,77.0,Vente,https://mysweetyskin.ma/products/mon-guerlain-1,Mikhmariyat
Mon Paris,77.00 Dhs,77.0,Vente,https://mysweetyskin.ma/products/mon-paris-2,Mikhmariyat
My Way Floral,77.00 Dhs,77.0,Vente,https://mysweetyskin.ma/products/my-way-floral-1,Mikhmariyat
N.R Fleur Musc,77.00 Dhs,77.0,Vente,https://mysweetyskin.ma/products/n-r-fleure-musc,Mikhmariyat
Poison Girl,77.00 Dhs,77.0,Vente,https://mysweetyskin.ma/products/poison-girl-1,Mikhmariyat
Pure Musc For Her,77.00 Dhs,77.0,Vente,https://mysweetyskin.ma/products/pure-musc-for-her-1,Mikhmariyat
Gissah Imperial Valley,77.00 Dhs,77.0,Vente,https://mysweetyskin.ma/products/qisa-imperial-valley-1,Mikhmariyat
Gissah One & Only,77.00 Dhs,77.0,Vente,https://mysweetyskin.ma/products/qisa-one-only-1,Mikhmariyat
,,,Inconnu,https://mysweetyskin.ma/products/musc-al-roman,Mikhmariyat
,,,Inconnu,https://mysweetyskin.ma/products/bacarat-rouge-musc,Mikhmariyat
,,,Inconnu,https://mysweetyskin.ma/products/musc-atahara,Mikhmariyat
,,,Inconnu,https://mysweetyskin.ma/products/soft-musc,Mikhmariyat
Musc al roman,105.00 Dhs,105.0,Vente,https://mysweetyskin.ma/products/musc-al-roman,Mikhmariyat
Bacarat rouge musc,105.00 Dhs,105.0,Vente,https://mysweetyskin.ma/products/bacarat-rouge-musc,Mikhmariyat
Musc tahara,105.00 Dhs,105.0,Vente,https://mysweetyskin.ma/products/musc-atahara,Mikhmariyat
Soft musc,105.00 Dhs,105.0,Vente,https://mysweetyskin.ma/products/soft-musc,Mikhmariyat
,,,Inconnu,https://mysweetyskin.ma/products/musc-al-roman,Mikhmariyat
,,,Inconnu,https://mysweetyskin.ma/products/bacarat-rouge-musc,Mikhmariyat
,,,Inconnu,https://mysweetyskin.ma/products/musc-atahara,Mikhmariyat
,,,Inconnu,https://mysweetyskin.ma/products/soft-musc,Mikhmariyat
Sense Laverne,77.00 Dhs,77.0,Vente,https://mysweetyskin.ma/products/sense-laverne,Mikhmariyat
Si Passione,77.00 Dhs,77.0,Vente,https://mysweetyskin.ma/products/si-passione-2,Mikhmariyat
The One,77.00 Dhs,77.0,Vente,https://mysweetyskin.ma/products/the-one-1,Mikhmariyat
Taj Sunset Escada,77.00 Dhs,77.0,Vente,https://mysweetyskin.ma/products/taj-sunset-escada-1,Mikhmariyat
Scandal,77.00 Dhs,77.0,Vente,https://mysweetyskin.ma/products/scandal-1,Mikhmariyat
Good Girl,77.00 Dhs,77.0,Vente,https://mysweetyskin.ma/products/good-girl-1,Mikhmariyat
Libre,77.00 Dhs,77.0,Vente,https://mysweetyskin.ma/products/libre-1,Mikhmariyat
,,,Inconnu,https://mysweetyskin.ma/products/musc-al-roman,Mikhmariyat
,,,Inconnu,https://mysweetyskin.ma/products/bacarat-rouge-musc,Mikhmariyat
,,,Inconnu,https://mysweetyskin.ma/products/musc-atahara,Mikhmariyat
,,,Inconnu,https://mysweetyskin.ma/products/soft-musc,Mikhmariyat
Musc al roman,105.00 Dhs,105.0,Vente,https://mysweetyskin.ma/products/musc-al-roman,Mikhmariyat
Bacarat rouge musc,105.00 Dhs,105.0,Vente,https://mysweetyskin.ma/products/bacarat-rouge-musc,Mikhmariyat
Musc tahara,105.00 Dhs,105.0,Vente,https://mysweetyskin.ma/products/musc-atahara,Mikhmariyat
Soft musc,105.00 Dhs,105.0,Vente,https://mysweetyskin.ma/products/soft-musc,Mikhmariyat
,,,Inconnu,https://mysweetyskin.ma/products/musc-al-roman,Mikhmariyat
,,,Inconnu,https://mysweetyskin.ma/products/bacarat-rouge-musc,Mikhmariyat
,,,Inconnu,https://mysweetyskin.ma/products/musc-atahara,Mikhmariyat
,,,Inconnu,https://mysweetyskin.ma/products/soft-musc,Mikhmariyat
Musc al roman,105.00 Dhs,105.0,Vente,https://mysweetyskin.ma/products/musc-al-roman,Musc Tahara
Bacarat rouge musc,105.00 Dhs,105.0,Vente,https://mysweetyskin.ma/products/bacarat-rouge-musc,Musc Tahara
Musc tahara,105.00 Dhs,105.0,Vente,https://mysweetyskin.ma/products/musc-atahara,Musc Tahara
Soft musc,105.00 Dhs,105.0,Vente,https://mysweetyskin.ma/products/soft-musc,Musc Tahara
,,,Inconnu,https://mysweetyskin.ma/products/musc-al-roman,Musc Tahara
,,,Inconnu,https://mysweetyskin.ma/products/bacarat-rouge-musc,Musc Tahara
,,,Inconnu,https://mysweetyskin.ma/products/musc-atahara,Musc Tahara
,,,Inconnu,https://mysweetyskin.ma/products/soft-musc,Musc Tahara
Musc al roman,105.00 Dhs,105.0,Vente,https://mysweetyskin.ma/products/musc-al-roman,Musc Tahara
Bacarat rouge musc,105.00 Dhs,105.0,Vente,https://mysweetyskin.ma/products/bacarat-rouge-musc,Musc Tahara
Musc tahara,105.00 Dhs,105.0,Vente,https://mysweetyskin.ma/products/musc-atahara,Musc Tahara
Soft musc,105.00 Dhs,105.0,Vente,https://mysweetyskin.ma/products/soft-musc,Musc Tahara
,,,Inconnu,https://mysweetyskin.ma/products/musc-al-roman,Musc Tahara
,,,Inconnu,https://mysweetyskin.ma/products/bacarat-rouge-musc,Musc Tahara
,,,Inconnu,https://mysweetyskin.ma/products/musc-atahara,Musc Tahara
,,,Inconnu,https://mysweetyskin.ma/products/soft-musc,Musc Tahara
